Workbook

Sheet Inference
A2: AI Call Audit – Inference Cost
A4: Assumptions | B4: Value
A5: Calls per day | B5: 8000
A6: Average call duration (minutes) | B6: 5
A7: Working days per month | B7: 30
A8: Words per minute | B8: 150
A9: Token conversion factor | B9: 1.3
A10: System Prompt Tokens | B10: 500
A11: RAG Tokens | B11: 1000
A12: Output Tokens | B12: 300
A14: Calculation | B14: Value
A15: Monthly Calls | B15: =B5*B7 -> 240000
A16: Monthly Audio Minutes | B16: =B15*B6 -> 1200000
A17: Words per Call | B17: =B8*B6 -> 750
A18: Transcript Tokens | B18: =B17*B9 -> 975
A19: Total Input Tokens per Call | B19: =B18+B10+B11 -> 2475
A22: Model Pricing | B22: Value
A24: ASR Price ($/minute) | B24: 0.006
A25: LLM Input Price ($/1M tokens) | B25: 0.4
A26: LLM Output Price ($/1M tokens) | B26: 1.6
A29: ASR Cost per Month | B29: =B24*B16 -> 7200
A30: LLM Input Cost | B30: =(B25*B15*B19)/1000000 -> 237.6
A31: LLM Output Cost | B31: =(B12*B15*B26)/1000000 -> 115.2
A32: Total LLM Cost | B32: =B30+B31 -> 352.8
A33: Total AI Cost | B33: =B32+B29 -> 7552.8
D35: Transcription (ASR) | J35: Resonings
C36: 1 | D36: Model | E36: Approx. Price | F36: Decision | J36: 1
D37: OpenAI Whisper | E37: ~$0.006/min | F37: Selected | J37: Excellent transcription accuracy
D38: Google Speech-to-Text | E38: Higher than Whisper (varies by usage tier) | F38: Not Selected | J38: Low cost
J39: Simple API
J40: Widely adopted for call-center use cases
C42: 2 | D42: Model | E42: Input Price (per 1M tokens) | F42: Output Price (per 1M tokens) | G42: Decision | J42: 2
D43: GPT-4.1 Mini | E43: $0.40 | F43: $1.60 | G43: Selected | J43: GPT-4.1 Mini offers a large context window and much lower inference cost, making it a strong fit for processing long call transcripts.
D44: Claude Opus | E44: Higher cost | F44: Higher cost | G44: Not Selected
C48: 3 | D48: Model | E48: Decision | J48: 3
D49: OpenAI text-embedding-3-small | E49: Selected | J49: Reason:
D50: Gemini Embedding | E50: Not Selected | J50: Lower cost
J51: Good retrieval quality
J52: Commonly used with RAG

Sheet Model Comparison
D6: Stage | E6: Model 1 | F6: Model 2 | G6: Selected | H6: Reason
D7: Speech-to-Text | E7: OpenAI Whisper | F7: Google Speech-to-Text | G7: Whisper | H7: Lower cost, high accuracy, simple pricing
D8: Audit LLM | E8: GPT-4.1 Mini | F8: Claude Opus | G8: GPT-4.1 Mini | H8: Much lower inference cost while maintaining strong performance
D9: Embeddings | E9: text-embedding-3-small | F9: Gemini Embedding | G9: text-embedding-3-small | H9: Lowest embedding cost with good retrieval quality

Sheet Embedding
A1: AI Call Audit – Embedding Cost | J1: Instead of sending all of that to the LLM for every call (which is expensive), you:
A2: One time Embedding
A3: Parameter | B3: Value | J3: 1. Convert those documents into embeddings once.
J4: 2. Store them in a vector database.
A5: Corpus Words | B5: 50000 | J5: 3. For each call, retrieve only the relevant sections.
A6: Token Conversion Factor | B6: 1.3
A7: Corpus Tokens | B7: =B5*B6 -> 65000 | J7: This reduces prompt size, lowers cost, and improves response quality.
A8: Embedding Price ($/1M tokens) | B8: 0.02
A9: One-Time Embedding Cost | B9: =B8*B7/1000000 -> 0.0013
A11: Recurring
A12: Monthly Calls | B12: =Inference!B15 -> 240000
A13: Tokens Embedded per Call | B13: 975 | D13: (975 is approximately the transcript token count.)
A14: Monthly Tokens | B14: =B13*B12 -> 234000000
A15: Monthly Embedding Cost | B15: =B8*B14/1000000 -> 4.68

Sheet Cost Saving
A1: AI vs Human Cost Comparison
A3: Human Audit Calculation
A5: Monthly Calls | B5: =Inference!B15 -> 240000
A6: Auditor Productivity (Calls/Day) | B6: 100
A7: Working Days | B7: 30
A8: Calls per Auditor per Month | B8: =B6*B7 -> 3000
A9: Auditors Required | B9: =ROUNDUP(B5/B8,0) -> 80
A10: Monthly Salary per Auditor ($) | B10: 2500
A11: Total Human Cost | B11: =B9*B10 -> 200000
A15: AI Cost Calculation
A16: Inference Cost | B16: =Inference!B33 -> 7552.8
A17: Monthly Embedding Cost | B17: =Embedding!B15 -> 4.68
A18: One-Time Embedding Cost | B18: =Embedding!B9 -> 0.0013
A19: Total AI Monthly Cost | B19: =B16+B18+B17 -> 7557.4813
A22: Monthly Savings | B22: =B11-B19 -> 192442.52
A23: Savings % | B23: =(B22/B11)*100 -> 96.221259
A27: Factor | B27: Human QA | C27: AI Pipeline
A28: Coverage | B28: Samples only (5–10%) | C28: 100% of calls
A29: Turnaround Time | B29: Hours/Days | C29: Minutes
A30: Consistency | B30: Varies by auditor | C30: Standardized
A31: Scalability | B31: Hire more auditors | C31: Easily scalable
A32: Compliance | B32: Manual checks | C32: Automatic detection
A33: Risk | B33: Human error | C33: Transcription errors, false positives (requires review)
A37: * Recommendation: Based on the cost analysis, implementing an AI-powered call auditing pipeline is recommended. The AI solution significantly reduces operational costs, enables 100% call coverage, delivers faster audit turnaround, and provides consistent evaluations. A small percentage of high-risk or flagged calls should continue to be reviewed by human auditors to ensure quality and regulatory compliance.
